geographic_region_converter_colonial_canada = {
	short_key = "converter_colonial_canada"

	strategic_regions = {
		sr:region_canada
	}

	state_regions = {
		STATE_NEW_BRUNSWICK
		STATE_SASKATCHEWAN
		STATE_ALBERTA
		STATE_BRITISH_COLUMBIA
		STATE_YUKON_TERRITORY
	}
}

geographic_region_converter_colonial_48 = {
	short_key = "converter_colonial_48"

	strategic_regions = {
		sr:region_the_midwest
		sr:region_dixie
	}

	state_regions = {
		STATE_MASSACHUSETTS
		STATE_MAINE
		STATE_CONNECTICUT
		STATE_RHODE_ISLAND
		STATE_VERMONT
		STATE_NEW_HAMPSHIRE
		STATE_PENNSYLVANIA
		STATE_NEW_YORK
		STATE_NEW_JERSEY
		STATE_WASHINGTON
		STATE_OREGON
		STATE_IDAHO
		STATE_MONTANA
		STATE_WYOMING
		STATE_CALIFORNIA
		STATE_NEVADA
		STATE_UTAH
		STATE_ARIZONA
		STATE_NEW_MEXICO
		STATE_COLORADO
		STATE_NEBRASKA
		STATE_KANSAS
	}
}

geographic_region_converter_colonial_america = {
	short_key = "converter_colonial_america"

	strategic_regions = {
		sr:region_the_midwest
		sr:region_dixie
	}

	state_regions = {
		STATE_MASSACHUSETTS
		STATE_MAINE
		STATE_CONNECTICUT
		STATE_RHODE_ISLAND
		STATE_VERMONT
		STATE_NEW_HAMPSHIRE
		STATE_PENNSYLVANIA
		STATE_NEW_YORK
		STATE_NEW_JERSEY
	}
}

geographic_region_converter_colonial_new_england = {
	short_key = "converter_colonial_new_england"

	state_regions = {
		STATE_MASSACHUSETTS
		STATE_MAINE
		STATE_CONNECTICUT
		STATE_RHODE_ISLAND
		STATE_VERMONT
		STATE_NEW_HAMPSHIRE
		STATE_PENNSYLVANIA
		STATE_NEW_YORK
		STATE_NEW_JERSEY
	}
}

geographic_region_converter_colonial_california = {
	short_key = "converter_colonial_california"

	state_regions = {
		STATE_WASHINGTON
		STATE_OREGON
		STATE_IDAHO
		STATE_MONTANA
		STATE_WYOMING
		STATE_CALIFORNIA
		STATE_NEVADA
		STATE_UTAH
		STATE_ARIZONA
		STATE_NEW_MEXICO
		STATE_COLORADO
		STATE_NEBRASKA
		STATE_KANSAS
	}
}

geographic_region_converter_colonial_mexico = {
	short_key = "converter_colonial_mexico"

	strategic_regions = {
		sr:region_mexico
	}

	state_regions = {
		STATE_BAJA_CALIFORNIA
		STATE_CHIAPAS
		STATE_YUCATAN
		STATE_GUATEMALA
		STATE_HONDURAS
		STATE_NICARAGUA
		STATE_COSTA_RICA
		STATE_SAN_SALVADOR
	}
}

geographic_region_converter_colonial_caribbean = {
	short_key = "converter_colonial_caribbean"

	strategic_regions = {
		sr:region_caribbean
	}

	state_regions = {
		STATE_BERMUDA
	}
}

geographic_region_converter_colonial_gran_colombia = {
	short_key = "converter_colonial_gran_colombia"

	strategic_regions = {
		sr:region_gran_colombia
	}

	state_regions = {
		STATE_PANAMA
	}
}

geographic_region_converter_colonial_argentina = {
	short_key = "converter_colonial_argentina"

	state_regions = {
		STATE_RIO_NEGRO
		STATE_LA_PAMPA
		STATE_SANTA_FE
		STATE_CORRIENTES
		STATE_TUCUMAN
		STATE_CHACO
		STATE_BUENOS_AIRES
		STATE_ALTO_PARAGUAY
		STATE_BAJO_PARAGUAY
		STATE_LOS_RIOS
		STATE_ARAUCANIA
		STATE_PATAGONIA
		STATE_SANTIAGO
	}
}

geographic_region_converter_colonial_oceania = {
	short_key = "converter_colonial_oceania"

	strategic_regions = {
		sr:region_oceania
	}
}

geographic_region_converter_colonial_australia = {
	short_key = "converter_colonial_australia"

	state_regions = {
		STATE_NEW_SOUTH_WALES
		STATE_VICTORIA
		STATE_QUEENSLAND
		STATE_SOUTH_AUSTRALIA
		STATE_WESTERN_AUSTRALIA
		STATE_NORTHERN_TERRITORY
		STATE_TASMANIA
		STATE_NORTH_ISLAND
		STATE_SOUTH_ISLAND
	}
}

geographic_region_converter_caucasus = {
	short_key = "converter_caucasus"

	state_regions = {
		STATE_ARMENIA
		STATE_AZERBAIJAN
		STATE_DAGESTAN
		STATE_KUBAN
		STATE_GREATER_CAUCASUS
		STATE_NORTH_CAUCASUS
		STATE_ELIZAVETPOL
	}
}